player,ra_per_match_2025,ra_per_match_2026,player_full,price_cr,surplus,quintile_2025
Ravi Bishnoi,-8.08,-0.52,Ravi Bishnoi,11.0,-100.3,1
Mohammed Shami,-8.03,0.2,Mohammed Shami,10.0,-81.7,1
Rashid Khan,-4.74,1.4,Rashid Khan,18.0,-96.2,1
TU Deshpande,-4.63,-9.87,Tushar Deshpande,6.5,-48.9,1
SN Thakur,-4.38,-6.18,,,,1
Nithish Kumar Reddy,-4.01,-0.29,Nitish Kumar Reddy,6.0,-49.7,1
MP Stoinis,-3.61,0.62,Marcus Stoinis,11.0,-54.7,1
S Dube,-3.46,-0.06,Shivam Dube,12.0,-61.8,1
RR Pant,-3.2,-1.77,Rishabh Pant,27.0,-84.4,1
Avesh Khan,-3.04,-7.2,Avesh Khan,9.75,-48.4,1
JC Archer,-2.58,3.29,Jofra Archer,12.5,-45.3,1
SV Samson,-2.13,3.07,Sanju Samson,18.0,-44.3,1
Mukesh Kumar,-2.01,-6.18,Mukesh Kumar,8.0,-29.6,1
DA Miller,-1.89,0.62,David Miller,7.5,-25.3,1
SO Hetmyer,-1.83,-6.19,Shimron Hetmyer,11.0,-35.2,1
Suyash Sharma,-1.62,-0.82,Suyash Sharma,2.6,-17.6,1
RM Patidar,-1.44,7.67,Rajat Patidar,11.0,-31.6,2
WG Jacks,-1.38,0.27,Will Jacks,5.25,-16.6,2
A Raghuvanshi,-1.17,1.02,Angkrish Raghuvanshi,3.0,-8.6,2
VG Arora,-1.12,-1.5,Vaibhav Arora,1.8,-6.7,2
Tilak Varma,-1.06,-1.29,Tilak Varma,8.0,-19.3,2
RD Rickelton,-0.85,6.14,Ryan Rickelton,1.0,-3.7,2
N Rana,-0.83,-4.49,Nitish Rana,4.2,-7.1,2
RG Sharma,-0.83,-0.29,Rohit Sharma,16.3,-34.2,2
R Tewatia,-0.69,-0.97,Rahul Tewatia,4.0,-5.9,2
D Padikkal,-0.52,2.07,Devdutt Padikkal,2.0,1.1,2
RA Jadeja,-0.29,2.47,Ravindra Jadeja,18.0,-29.1,2
AR Patel,-0.28,0.26,Axar Patel,16.5,-25.9,2
B Kumar,-0.01,11.69,Bhuvneshwar Kumar,10.75,-11.0,2
AM Rahane,0.04,-3.95,Ajinkya Rahane,1.5,7.8,2
YS Chahal,0.05,0.09,Yuzvendra Chahal,18.0,-24.5,2
T Stubbs,0.08,-2.17,Tristan Stubbs,10.0,-8.4,2
Abdul Samad,0.09,-4.04,Abdul Samad,4.2,3.1,3
AK Markram,0.09,-6.05,Aiden Markram,2.0,7.5,3
M Jansen,0.21,-6.41,Marco Jansen,7.0,-0.5,3
RK Singh,0.39,2.01,Rinku Singh,13.0,-11.0,3
HH Pandya,0.63,-8.65,Hardik Pandya,16.35,-12.4,3
Ishan Kishan,0.73,7.03,Ishan Kishan,11.25,-2.4,3
Aniket Verma,0.98,-2.19,Aniket Verma,0.3,21.3,3
Ashutosh Sharma,1.08,3.1,Ashutosh Sharma,3.8,12.4,3
DL Chahar,1.18,-2.17,Deepak Chahar,9.25,8.5,3
A Badoni,1.25,-2.86,Ayush Badoni,4.0,18.6,3
TM Head,1.27,0.83,Travis Head,14.0,-2.1,3
SE Rutherford,1.43,0.14,Sherfane Rutherford,2.6,20.8,3
Mohammed Siraj,1.44,2.35,Mohammed Siraj,12.25,7.8,3
Shashank Singh,1.67,2.07,Shashank Singh,5.5,22.8,3
Dhruv Jurel,1.87,1.06,Dhruv Jurel,14.0,7.0,3
V Kohli,1.97,5.34,Virat Kohli,21.0,-1.5,3
P Simran Singh,2.06,4.07,Prabhsimran Singh,4.0,39.4,4
R Parag,2.39,-0.49,Riyan Parag,14.0,16.2,4
KH Pandya,2.5,2.8,Krunal Pandya,5.75,36.4,4
R Shepherd,2.57,-6.03,Romario Shepherd,1.5,25.3,4
PJ Cummins,2.78,-1.45,Pat Cummins,18.0,13.8,4
YBK Jaiswal,3.41,-1.11,Yashasvi Jaiswal,18.0,22.6,4
DS Rathi,3.47,-6.65,Digvesh Singh,0.3,54.7,4
Priyansh Arya,3.51,4.76,Priyansh Arya,3.8,65.9,4
KL Rahul,3.6,5.99,KL Rahul,14.0,29.5,4
Arshdeep Singh,3.72,-1.83,Arshdeep Singh,18.0,34.4,4
JM Sharma,3.75,-4.53,Jitesh Sharma,11.0,29.8,4
Naman Dhir,3.85,-1.72,Naman Dhir,5.25,46.1,4
Abhishek Sharma,3.99,7.74,Abhishek Sharma,14.0,38.5,4
Shubman Gill,4.41,4.21,Shubman Gill,16.5,44.0,4
SP Narine,4.44,10.28,Sunil Narine,12.0,39.9,4
A Kamboj,4.51,0.81,Anshul Kamboj,3.4,39.6,4
B Sai Sudharsan,5.07,2.55,Sai Sudharsan,8.5,69.5,5
TH David,5.28,2.79,Tim David,3.0,51.8,5
Noor Ahmad,5.44,0.37,Noor Ahmad,10.0,66.7,5
Kuldeep Yadav,5.46,-5.47,Kuldeep Yadav,13.25,60.7,5
MR Marsh,6.04,3.91,Mitchell Marsh,3.4,82.0,5
E Malinga,6.4,2.01,Eshan Malinga,1.2,52.6,5
JC Buttler,6.7,0.65,Jos Buttler,15.75,66.4,5
SS Iyer,6.83,6.13,Shreyas Iyer,26.75,73.8,5
H Klaasen,6.94,4.53,Heinrich Klaasen,23.0,55.3,5
CV Varun,7.55,0.61,Varun Chakravarthy,12.0,84.8,5
JR Hazlewood,7.67,0.59,Josh Hazlewood,12.5,77.7,5
M Prasidh Krishna,7.73,-0.88,Prasidh Krishna,9.5,107.5,5
V Suryavanshi,8.49,16.12,Vaibhav Sooryavanshi,1.1,67.4,5
SA Yadav,8.77,-2.78,Suryakumar Yadav,16.35,118.4,5
N Pooran,9.65,-5.02,Nicholas Pooran,21.0,104.1,5
JJ Bumrah,13.27,0.35,Jasprit Bumrah,18.0,134.1,5
